ids,duration,response
bi8wnhce5hjd7qbkh587hw25l5polgnt,4.283,low
lt601o74ixkhkj4lzjh2s2k5mctns54h,188.199,expected_average
8sqn5b0nyc2jv91n3vkgud8fphmczft4,31.414,expected_average
f2nrem6sa71z0v5th10kmf29tz1dsldo,11.531,excellent
0aqdvgro7qjjc7hkhn60m7xjwx5yoqvo,24.15,above_average
nz2ae3ljcdcc0gi1c71wwmf9uiolr9tp,99.968,above_average
9muwh3ur2ms2k1wnhubi1n2b47yygj8k,101.03,expected_average
rw4oua9rip2ucujlfmxan74iz0cfab5g,9.163,expected_average
o7u4f0y6ueshkwxo127lzbzx1az654ny,16.398,expected_average
c4zm85wbbgwfsyf63lzyydbtldjcxrfz,39.816,expected_average
